{
  "id": "1420173",
  "name": "豆瓣",
  "font_family": "iconfont",
  "css_prefix_text": "icon-",
  "description": "",
  "glyphs": [
    {
      "icon_id": "591156",
      "name": "搜索",
      "font_class": "sousuo",
      "unicode": "e636",
      "unicode_decimal": 58934
    },
    {
      "icon_id": "1330571",
      "name": "微博",
      "font_class": "weibo",
      "unicode": "e73c",
      "unicode_decimal": 59196
    },
    {
      "icon_id": "5271617",
      "name": "微信",
      "font_class": "weixin",
      "unicode": "e6ea",
      "unicode_decimal": 59114
    },
    {
      "icon_id": "8954162",
      "name": "二维码",
      "font_class": "erweima",
      "unicode": "e600",
      "unicode_decimal": 58880
    },
    {
      "icon_id": "9626856",
      "name": "二维码",
      "font_class": "erweima1",
      "unicode": "e86b",
      "unicode_decimal": 59499
    }
  ]
}
